sample_id,rs1042602,rs1042602_t,rs10490642,rs1110400,rs11130234,rs11161700,rs1129038,rs11654749,rs11655860,rs11803731,rs12203592,rs12203592_f,rs1229984,rs12480977,rs12821256,rs12896399,rs12913832,rs1393350,rs1408799,rs1426654,rs1470608,rs1493906,rs1540771,rs1667394,rs16891982,rs17646946,rs1800401,rs1800407,rs1800414,rs1805007,rs1805007_f,rs1805008,rs1852985,rs1896488,rs2045323,rs2155219,rs2180439,rs260690,rs3827760,rs4648379,rs6058017,rs6420484,rs6431222,rs6548238,rs6730970,rs6740960,rs7559271,rs7590268,rs8001641,rs885479,rs974448,rs9919054
SYNTH_000052,0,1,1,1,1,2,1,1,1,2,1,1,1,1,1,0,2,0,1,2,0,0,2,1,2,0,1,1,0,1,1,0,2,2,0,1,0,1,1,0,2,0,0,2,1,0,1,2,0,1,2,0
SYNTH_000270,0,0,1,1,0,2,0,2,1,1,1,1,1,1,0,1,0,1,1,0,1,2,0,0,1,0,1,0,1,0,1,0,0,0,2,2,2,1,1,1,1,1,0,0,1,1,0,0,0,1,0,1
SYNTH_000601,1,0,0,1,1,0,1,1,2,1,0,0,1,0,1,0,1,1,1,1,1,1,0,0,2,0,1,0,1,0,2,0,1,2,0,0,0,1,1,1,2,0,1,0,0,1,1,0,0,1,0,1
SYNTH_001977,1,2,2,1,1,1,2,0,1,0,2,2,0,1,0,1,1,0,0,0,1,0,2,0,1,2,1,0,1,0,1,1,1,1,2,0,1,2,2,2,1,0,0,1,0,1,1,0,0,2,1,1
SYNTH_002246,2,1,1,1,1,0,2,0,0,1,2,1,0,1,0,2,1,1,1,0,1,1,1,1,2,1,0,1,0,0,1,0,1,1,2,1,1,0,0,1,0,1,0,1,2,1,1,1,0,1,1,0
SYNTH_002441,1,2,0,0,0,0,1,2,2,2,1,2,0,1,0,1,0,1,0,0,1,1,1,1,1,0,0,2,1,0,1,0,1,1,0,0,1,2,1,2,1,0,0,1,1,0,0,1,2,0,2,0
SYNTH_002551,1,2,0,0,0,0,1,1,0,2,0,2,1,2,0,1,0,1,1,1,0,1,0,1,1,0,2,0,1,0,2,1,2,1,1,0,1,2,1,2,1,1,1,0,0,0,1,1,1,0,0,2
SYNTH_002967,2,1,0,0,1,1,0,2,2,0,2,1,0,1,0,0,1,0,0,0,1,2,0,1,1,2,2,2,2,0,0,0,1,0,1,2,1,1,1,2,0,0,0,1,0,1,2,0,1,1,1,0
SYNTH_003286,2,0,1,1,1,1,0,1,2,1,0,1,1,1,1,2,1,2,1,1,0,2,2,1,2,1,1,0,0,2,1,1,1,1,2,0,2,1,1,1,1,0,1,1,0,0,0,1,0,0,0,0
SYNTH_003880,1,1,1,1,2,1,2,1,2,2,2,2,0,0,1,1,2,1,1,0,1,2,1,1,0,2,1,0,1,0,1,1,0,1,1,0,0,1,1,1,1,0,0,1,1,0,1,0,1,1,2,1
