sample_id,rs1042602,rs1042602_t,rs10490642,rs1110400,rs11130234,rs11161700,rs1129038,rs11654749,rs11655860,rs11803731,rs12203592,rs12203592_f,rs1229984,rs12480977,rs12821256,rs12896399,rs12913832,rs1393350,rs1408799,rs1426654,rs1470608,rs1493906,rs1540771,rs1667394,rs16891982,rs17646946,rs1800401,rs1800407,rs1800414,rs1805007,rs1805007_f,rs1805008,rs1852985,rs1896488,rs2045323,rs2155219,rs2180439,rs260690,rs3827760,rs4648379,rs6058017,rs6420484,rs6431222,rs6548238,rs6730970,rs6740960,rs7559271,rs7590268,rs8001641,rs885479,rs974448,rs9919054,gender,eye_color,hair_color,skin_tone,face_width,face_height,jaw_shape,chin_prominence,cheekbone_height,nose_size,nose_width,nose_bridge_width,nose_bridge_height,nostril_width,eye_distance,eye_size,eye_shape,eyebrow_thickness,eyebrow_arch,lip_thickness,mouth_width,philtrum_depth,hair_texture,hair_thickness,hairline_shape,freckling,tanning_ability,ear_size,earlobe_attachment,overall_confidence,positive_prompt,negative_prompt
SYNTH_000052,0,1,1,1,1,2,1,1,1,2,1,1,1,1,1,0,2,0,1,2,0,0,2,1,2,0,1,1,0,1,1,0,2,2,0,1,0,1,1,0,2,0,0,2,1,0,1,2,0,1,2,0,female,brown,brown,dark,medium,long,square,receding,low,medium,wide,medium,medium,wide,close,medium,almond,medium,high,full,narrow,deep,curly,medium,widow_peak,some,tans_gradually,medium,attached,0.8459019553928959,"professional portrait photograph, high quality, photorealistic, adult woman, dark brown eyes, brown hair, dark skin, long face, square jawline, receding chin, wide nose, wide nostrils, close-set eyes, almond-shaped eyes, high-arched eyebrows, full lips, narrow mouth, deep philtrum, curly hair, widow's peak hairline, light freckles, attached earlobes, neutral expression, centered face, soft lighting, plain background","deformed, ugly, blurry, bad anatomy, bad hands, extra fingers, missing fingers, fused fingers, too many fingers, mutated hands, poorly drawn hands, poorly drawn face, mutation, disfigured, extra limbs, cloned face, malformed limbs, missing arms, missing legs, extra arms, extra legs, low quality, worst quality, jpeg artifacts, watermark, signature, text, cropped, out of frame, duplicate, morbid, gross proportions, long neck, asymmetrical eyes, crossed eyes, lazy eye, skin blemishes, acne, overexposed, underexposed, cartoon, anime, illustration, painting, drawing, sketch, 3d render, cgi, plastic skin, doll-like, distorted face, multiple people"
SYNTH_000270,0,0,1,1,0,2,0,2,1,1,1,1,1,1,0,1,0,1,1,0,1,2,0,0,1,0,1,0,1,0,1,0,0,0,2,2,2,1,1,1,1,1,0,0,1,1,0,0,0,1,0,1,female,blue,brown,very_light,wide,short,oval,receding,high,medium,medium,medium,medium,narrow,wide,small,almond,thick,slight,thin,wide,deep,wavy,medium,straight,some,never_burns,medium,free,0.8242852036824674,"professional portrait photograph, high quality, photorealistic, adult woman, bright blue eyes, brown hair, very fair skin, wide face, short face, high cheekbones, oval face, receding chin, narrow nostrils, wide-set eyes, small eyes, almond-shaped eyes, thick eyebrows, thin lips, wide mouth, deep philtrum, wavy hair, straight hairline, light freckles, free earlobes, neutral expression, centered face, soft lighting, plain background","deformed, ugly, blurry, bad anatomy, bad hands, extra fingers, missing fingers, fused fingers, too many fingers, mutated hands, poorly drawn hands, poorly drawn face, mutation, disfigured, extra limbs, cloned face, malformed limbs, missing arms, missing legs, extra arms, extra legs, low quality, worst quality, jpeg artifacts, watermark, signature, text, cropped, out of frame, duplicate, morbid, gross proportions, long neck, asymmetrical eyes, crossed eyes, lazy eye, skin blemishes, acne, overexposed, underexposed, cartoon, anime, illustration, painting, drawing, sketch, 3d render, cgi, plastic skin, doll-like, distorted face, multiple people"
SYNTH_000601,1,0,0,1,1,0,1,1,2,1,0,0,1,0,1,0,1,1,1,1,1,1,0,0,2,0,1,0,1,0,2,0,1,2,0,0,0,1,1,1,2,0,1,0,0,1,1,0,0,1,0,1,female,green,brown,light,medium,long,square,prominent,high,medium,medium,wide,flat,medium,wide,large,round,thick,slight,full,narrow,deep,wavy,medium,widow_peak,none,never_burns,large,attached,0.8663752814560162,"professional portrait photograph, high quality, photorealistic, adult woman, green eyes, brown hair, fair skin, long face, high cheekbones, square jawline, prominent chin, wide nose bridge, flat nose bridge, wide-set eyes, large eyes, round eyes, thick eyebrows, full lips, narrow mouth, deep philtrum, wavy hair, widow's peak hairline, large ears, attached earlobes, neutral expression, centered face, soft lighting, plain background","deformed, ugly, blurry, bad anatomy, bad hands, extra fingers, missing fingers, fused fingers, too many fingers, mutated hands, poorly drawn hands, poorly drawn face, mutation, disfigured, extra limbs, cloned face, malformed limbs, missing arms, missing legs, extra arms, extra legs, low quality, worst quality, jpeg artifacts, watermark, signature, text, cropped, out of frame, duplicate, morbid, gross proportions, long neck, asymmetrical eyes, crossed eyes, lazy eye, skin blemishes, acne, overexposed, underexposed, cartoon, anime, illustration, painting, drawing, sketch, 3d render, cgi, plastic skin, doll-like, distorted face, multiple people"
SYNTH_001977,1,2,2,1,1,1,2,0,1,0,2,2,0,1,0,1,1,0,0,0,1,0,2,0,1,2,1,0,1,0,1,1,1,1,2,0,1,2,2,2,1,0,0,1,0,1,1,0,0,2,1,1,female,green,brown,very_light,medium,short,square,medium,high,large,medium,medium,medium,wide,normal,large,round,thick,slight,very_full,medium,deep,straight,fine,rounded,some,burns_easily,small,attached,0.8379092325289786,"professional portrait photograph, high quality, photorealistic, adult woman, green eyes, brown hair, very fair skin, short face, high cheekbones, square jawline, prominent nose, wide nostrils, large eyes, round eyes, thick eyebrows, full lips, deep philtrum, straight hair, fine hair, light freckles, sun-sensitive skin, small ears, attached earlobes, neutral expression, centered face, soft lighting, plain background","deformed, ugly, blurry, bad anatomy, bad hands, extra fingers, missing fingers, fused fingers, too many fingers, mutated hands, poorly drawn hands, poorly drawn face, mutation, disfigured, extra limbs, cloned face, malformed limbs, missing arms, missing legs, extra arms, extra legs, low quality, worst quality, jpeg artifacts, watermark, signature, text, cropped, out of frame, duplicate, morbid, gross proportions, long neck, asymmetrical eyes, crossed eyes, lazy eye, skin blemishes, acne, overexposed, underexposed, cartoon, anime, illustration, painting, drawing, sketch, 3d render, cgi, plastic skin, doll-like, distorted face, multiple people"
SYNTH_002246,2,1,1,1,1,0,2,0,0,1,2,1,0,1,0,2,1,1,1,0,1,1,1,1,2,1,0,1,0,0,1,0,1,1,2,1,1,0,0,1,0,1,0,1,2,1,1,1,0,1,1,0,female,green,brown,very_light,medium,short,oval,prominent,medium,large,medium,medium,high,medium,normal,medium,hooded,medium,slight,very_full,medium,deep,wavy,thick,rounded,some,tans_gradually,medium,attached,0.8772587547763192,"professional portrait photograph, high quality, photorealistic, adult woman, green eyes, brown hair, very fair skin, short face, oval face, prominent chin, prominent nose, high nose bridge, hooded eyes, full lips, deep philtrum, wavy hair, thick hair, light freckles, attached earlobes, neutral expression, centered face, soft lighting, plain background","deformed, ugly, blurry, bad anatomy, bad hands, extra fingers, missing fingers, fused fingers, too many fingers, mutated hands, poorly drawn hands, poorly drawn face, mutation, disfigured, extra limbs, cloned face, malformed limbs, missing arms, missing legs, extra arms, extra legs, low quality, worst quality, jpeg artifacts, watermark, signature, text, cropped, out of frame, duplicate, morbid, gross proportions, long neck, asymmetrical eyes, crossed eyes, lazy eye, skin blemishes, acne, overexposed, underexposed, cartoon, anime, illustration, painting, drawing, sketch, 3d render, cgi, plastic skin, doll-like, distorted face, multiple people"
SYNTH_002441,1,2,0,0,0,0,1,2,2,2,1,2,0,1,0,1,0,1,0,0,1,1,1,1,1,0,0,2,1,0,1,0,1,1,0,0,1,2,1,2,1,0,0,1,1,0,0,1,2,0,2,0,male,blue,black,very_light,wide,long,square,prominent,medium,large,wide,medium,flat,medium,normal,large,round,medium,slight,thin,medium,shallow,curly,fine,rounded,some,burns_easily,large,free,0.8072006304226199,"professional portrait photograph, high quality, photorealistic, adult man, bright blue eyes, black hair, very fair skin, wide face, long face, square jawline, prominent chin, prominent nose, wide nose, flat nose bridge, large eyes, round eyes, thin lips, shallow philtrum, curly hair, fine hair, light freckles, sun-sensitive skin, large ears, free earlobes, neutral expression, centered face, soft lighting, plain background","cartoon, anime, illustration, painting, 3d render, drawing, low quality, blurry, deformed, disfigured, bad anatomy, extra limbs, extra fingers, text, watermark, signature, distorted face, multiple people"
SYNTH_002551,1,2,0,0,0,0,1,1,0,2,0,2,1,2,0,1,0,1,1,1,0,1,0,1,1,0,2,0,1,0,2,1,2,1,1,0,1,2,1,2,1,1,1,0,0,0,1,1,1,0,0,2,female,blue,brown,light,medium,medium,oval,prominent,medium,medium,wide,narrow,high,medium,wide,large,round,medium,high,full,medium,medium,curly,fine,rounded,none,burns_easily,large,free,0.8558250923652132,"professional portrait photograph, high quality, photorealistic, adult woman, bright blue eyes, brown hair, fair skin, oval face, prominent chin, wide nose, narrow nose bridge, high nose bridge, wide-set eyes, large eyes, round eyes, high-arched eyebrows, full lips, curly hair, fine hair, sun-sensitive skin, large ears, free earlobes, neutral expression, centered face, soft lighting, plain background","cartoon, anime, illustration, painting, 3d render, drawing, low quality, blurry, deformed, disfigured, bad anatomy, extra limbs, extra fingers, text, watermark, signature, distorted face, multiple people"
SYNTH_002967,2,1,0,0,1,1,0,2,2,0,2,1,0,1,0,0,1,0,0,0,1,2,0,1,1,2,2,2,2,0,0,0,1,0,1,2,1,1,1,2,0,0,0,1,0,1,2,0,1,1,1,0,male,green,brown,very_light,narrow,medium,square,medium,high,large,medium,medium,flat,narrow,normal,small,hooded,medium,slight,thin,wide,medium,straight,medium,rounded,extensive,tans_gradually,large,attached,0.8318534020863616,"professional portrait photograph, high quality, photorealistic, adult man, green eyes, brown hair, very fair skin, narrow face, high cheekbones, square jawline, prominent nose, flat nose bridge, narrow nostrils, small eyes, hooded eyes, thin lips, wide mouth, straight hair, freckles, large ears, attached earlobes, neutral expression, centered face, soft lighting, plain background","cartoon, anime, illustration, painting, 3d render, drawing, low quality, blurry, deformed, disfigured, bad anatomy, extra limbs, extra fingers, text, watermark, signature, distorted face, multiple people"
SYNTH_003286,2,0,1,1,1,1,0,1,2,1,0,1,1,1,1,2,1,2,1,1,0,2,2,1,2,1,1,0,0,2,1,1,1,1,2,0,2,1,1,1,1,0,1,1,0,0,0,1,0,0,0,0,female,green,brown,light,wide,short,square,medium,medium,medium,wide,medium,flat,narrow,normal,large,hooded,medium,high,full,medium,deep,wavy,medium,straight,some,never_burns,medium,attached,0.8363602556009804,"professional portrait photograph, high quality, photorealistic, adult woman, green eyes, brown hair, fair skin, wide face, short face, square jawline, wide nose, flat nose bridge, narrow nostrils, large eyes, hooded eyes, high-arched eyebrows, full lips, deep philtrum, wavy hair, straight hairline, light freckles, attached earlobes, neutral expression, centered face, soft lighting, plain background","cartoon, anime, illustration, painting, 3d render, drawing, low quality, blurry, deformed, disfigured, bad anatomy, extra limbs, extra fingers, text, watermark, signature, distorted face, multiple people"
SYNTH_003880,1,1,1,1,2,1,2,1,2,2,2,2,0,0,1,1,2,1,1,0,1,2,1,1,0,2,1,0,1,0,1,1,0,1,1,0,0,1,1,1,1,0,0,1,1,0,1,0,1,1,2,1,male,brown,brown,very_light,medium,medium,square,medium,high,large,wide,wide,flat,narrow,normal,large,round,medium,slight,full,medium,medium,curly,medium,widow_peak,some,tans_gradually,medium,attached,0.8891945982171547,"professional portrait photograph, high quality, photorealistic, adult man, dark brown eyes, brown hair, very fair skin, high cheekbones, square jawline, prominent nose, wide nose, wide nose bridge, flat nose bridge, narrow nostrils, large eyes, round eyes, full lips, curly hair, widow's peak hairline, light freckles, attached earlobes, neutral expression, centered face, soft lighting, plain background","cartoon, anime, illustration, painting, 3d render, drawing, low quality, blurry, deformed, disfigured, bad anatomy, extra limbs, extra fingers, text, watermark, signature, distorted face, multiple people"
